<medicines status="NO">
 <medicine yy="2023" mm="12" location="A1" id="0" dd="22" status="YES" mrp="2" ID="4" name="dolo 650" MRP="5" quantity="54"/>
 <medicine yy="2022" mm="12" location="B1" id="1" dd="12" status="YES" mrp="3" ID="5" name="Probiotics" quantity="5"/>
 <medicine yy="2023" mm="12" location="C1" id="2" dd="20" status="NO" mrp="4" ID="6" name="Vitamin C" quantity="300"/>
 <medicine yy="2022" mm="10" location="D1" id="3" dd="20" status="YES" mrp="8" ID="7" name="Acid Free C" quantity="250"/>
 <medicine yy="2021" mm="10" location="D1" id="3" dd="20" status="NO" mrp="4" ID="8" name="paracetomol" quantity="250"/>
 <medicine yy="2024" mm="09" location="D2" id="3" dd="20" status="YES" mrp="60" ID="9" name="moov pain relif" quantity="250"/>
 <medicine yy="2023" mm="10" location="D1" id="3" dd="20" status="YES" mrp="22" ID="7" name="Allegra" quantity="25"/>
 <medicine yy="2022" mm="10" location="D1" id="3" dd="20" status="YES" mrp="80" ID="7" name="anti biotics" quantity="250"/>
 <medicine yy="2022" mm="10" location="D1" id="3" dd="20" status="YES" mrp="100" ID="7" name="cough syrup" quantity="250"/>
</medicines>
