<Transactions>
 <Transaction Cashier="RamBabu" Date="17/12/2022" BillNo="1" Time="21:20:24">
  <Customer CustomerID="486" CustomerName="tony"/>
  <Orders TotalValue="20 Rs">
   <Order Quantity="10" ProductName="abc" ProductID="123" Mrp="2"/>
   <Order Quantity="15" ProductName="def" ProductID="124" Mrp="3"/>
   <Order Quantity="20" ProductName="ghi" ProductID="125" Mrp="4"/>
  </Orders>
 </Transaction>
 <Transaction Cashier="RamBabu" Date="17/12/2022" BillNo="2" Time="22:31:20">
  <Customer CustomerID="1234" CustomerName="vinay"/>
  <Orders TotalValue="16 Rs">
   <Order Quantity="9" ProductName="jkl" ProductID="126" Mrp="5"/>
   <Order Quantity="10" ProductName="mno" ProductID="127" Mrp="6"/>
   <Order Quantity="10" ProductName="pqr" ProductID="128" Mrp="7"/>
   <Order Quantity="10" ProductName="stu" ProductID="129" Mrp="8"/>
  </Orders>
 </Transaction>
 <Transaction Cashier="RamBabu" Date="17/12/2022" BillNo="3" Time="21:20:24">
  <Customer CustomerID="486" CustomerName="tony"/>
  <Orders TotalValue="20 Rs">
   <Order Quantity="10" ProductName="abc" ProductID="123" Mrp="2"/>
   <Order Quantity="15" ProductName="def" ProductID="124" Mrp="3"/>
   <Order Quantity="20" ProductName="ghi" ProductID="125" Mrp="4"/>
  </Orders>
 </Transaction>
 <Transaction Cashier="RamBabu" Date="18/12/2022" BillNo="4" Time="11:23:43">
  <Customer CustomerID="123" CustomerName="vinay"/>
  <Orders TotalValue="18 Rs">
   <Order Quantity="10" ProductName="dolo 650" ProductID="0" Mrp="2"/>
  </Orders>
 </Transaction>
 <Transaction Date="19/12/2022" BillNo="5" Time="14:22:24">
  <Customer CustomerID="451" CustomerName="chandana"/>
  <Orders TotalValue="8 Rs">
   <Order Quantity="10" ProductName="dolo 650" ProductID="0" Mrp="2"/>
   <Order Quantity="5" ProductName="Probiotics" ProductID="1" Mrp="3"/>
   <Order Quantity="2" ProductName="Vitamin C" ProductID="2" Mrp="4"/>
  </Orders>
 </Transaction>
 <Transaction Date="19/12/2022" BillNo="6" Time="15:51:11">
  <Customer CustomerID="427" CustomerName="bole"/>
  <Orders TotalValue="14 Rs">
   <Order Quantity="10" ProductName="dolo 650" ProductID="0" Mrp="2"/>
  </Orders>
 </Transaction>
 <Transaction Date="20/12/2022" BillNo="7" Time="15:26:43">
  <Customer CustomerID="451" CustomerName="prahan"/>
  <Orders TotalValue="18 Rs">
   <Order Quantity="10" ProductName="dolo 650" ProductID="0" Mrp="2"/>
  </Orders>
 </Transaction>
 <Transaction Cashier="123" Date="20/12/2022" BillNo="8" Time="21:10:2">
  <Customer CustomerID="1234555" CustomerName="daddy"/>
  <Orders TotalValue="24">
   <Order Quantity="12" ProductName="dolo 650" ProductID="0" Mrp="2"/>
  </Orders>
 </Transaction>
 <Transaction Cashier="123" Date="21/12/2022" BillNo="9" Time="13:1:34">
  <Customer CustomerID="1234" CustomerName="gowtham"/>
  <Orders TotalValue="8">
   <Order Quantity="4" ProductName="dolo 650" ProductID="0" Mrp="2"/>
  </Orders>
 </Transaction>
 <Transaction Cashier="123" Date="21/12/2022" BillNo="10" Time="14:7:37">
  <Customer CustomerID="519" CustomerName="Devesh"/>
  <Orders TotalValue="20">
   <Order Quantity="10" ProductName="dolo 650" ProductID="0" Mrp="2"/>
  </Orders>
 </Transaction>
 <Transaction Cashier="123" Date="21/12/2022" BillNo="11" Time="15:31:24">
  <Customer CustomerID="123" CustomerName="Nikhil"/>
  <Orders TotalValue="10">
   <Order Quantity="5" ProductName="dolo 650" ProductID="0" Mrp="2"/>
  </Orders>
 </Transaction>
 <Transaction Cashier="vinay@srmap" Date="21/12/2022" BillNo="12" Time="17:30:24">
  <Customer CustomerID="1234" CustomerName="santhosh sir"/>
  <Orders TotalValue="20">
   <Order Quantity="10" ProductName="dolo 650" ProductID="0" Mrp="2"/>
  </Orders>
 </Transaction>
</Transactions>
